{
    "pythonClassName": "tensorflow_datasets.core.features.features_dict.FeaturesDict",
    "featuresDict": {
        "features": {
            "image": {
                "pythonClassName": "tensorflow_datasets.core.features.image_feature.Image",
                "image": {
                    "shape": {
                        "dimensions": [
                            "28",
                            "28",
                            "1"
                        ]
                    },
                    "dtype": "uint8"
                }
            },
            "label": {
                "pythonClassName": "tensorflow_datasets.core.features.class_label_feature.ClassLabel",
                "classLabel": {
                    "numClasses": "10"
                }
            }
        }
    }
}